"","V1","V2","V3","V4","V5","V6","V7","V8","V9","V10","V11","V12","V13","V14","V15","V16","V17","V18","V19"
"1",87.241125536676,65.0517225135399,90.3033359762614,83.4066853850989,87.6959893629562,78.0828420273789,73.1075671594851,87.2788245246424,92.3049178800701,78.5159752909686,81.5946264680206,84.7375557285724,79.5269502329042,86.7541348552338,93.8918508758923,82.3137038857181,84.8958139777032,102.553895218618,90.0842259459138
"2",90.42840728915,84.8847405967347,85.455640965725,86.4518835071549,84.7956465539466,86.0319341737944,72.1397820479735,85.0263485840743,92.8637883141012,88.1897482927912,88.5347661454751,80.4032124127162,85.6658542739414,81.481079863666,87.4462130277388,92.5588478887896,76.1947718875041,89.5817791019529,85.1757762234705
"3",93.0048900411501,89.6238938990601,85.666892071544,92.8657748237123,88.7134296043487,90.2382970375874,77.785385682577,82.6940212598265,92.3464808055808,92.4439348975787,86.7309883051972,84.5419315296442,88.322004567437,82.3012024360413,90.2565554785974,91.1957723805423,81.4706070690861,88.1585019201541,82.0991011438943
"4",90.9479840653045,88.4839666010627,84.8151560900736,91.5609754469855,86.9952642251791,87.2870386119424,83.5325605886084,83.3810457545786,87.3034583298373,92.7057772958562,83.313391832277,89.6366231364654,88.5741774004439,82.9138460862303,93.7019889981367,95.13985708362,76.5758226909622,87.1240472201355,79.5008254014533
"5",84.0063756710374,83.1191711499525,81.1504322418902,88.809788136535,81.4142744227502,86.075223601288,83.8690643430519,83.6570467786545,84.2598860761552,90.5970287637254,84.1974810397435,89.2781305422476,89.133174310613,80.9357334029227,90.1546537293286,94.6173863854012,75.4289314978289,85.2148845321038,83.7050347868788
"6",84.0522138789737,88.0082355005893,85.2244734639096,91.0525668438029,81.8452097958433,87.8854660762746,78.9424100754877,86.7996065636808,85.7646688412779,86.9226047117223,82.2252224752735,84.2972940271417,79.3328724075518,84.5283763857157,88.6786127894662,96.7627733457335,78.4329603544052,83.2622811911692,82.0965680110057
"7",75.0698257500041,79.1729504650515,81.7672181417493,85.5408027427251,78.2751758672956,84.5784272237701,76.148531244977,83.5739155514779,79.0014699084524,78.9457958809753,82.1927604514769,79.0175278998724,82.4117869071383,84.7118585302119,87.7953822395959,96.7442379634624,79.7026707314005,82.7979487832966,81.0497733163469
"8",87.0569823137693,101.741757741852,90.6366587816453,100.574400276117,87.4034224452299,89.5957955208712,83.9828293722353,86.9966004578521,76.2250252998883,81.6533030823962,84.0374351902471,86.1565613936887,85.1134715015438,89.4308515036489,90.18703857707,92.4585552929144,78.7102093812237,88.1677626533919,87.1707264810452
"9",84.0294829963149,94.2452488655628,86.1739424886484,94.1879696297226,90.2042060525837,90.8872375932755,89.2533812121684,87.2363213124098,83.8487092135855,80.8574440118561,82.3467243601668,89.9548079712801,83.587707935737,95.3798543314897,92.3609652589304,92.7439152674829,83.5849105354121,87.3311025213288,87.1293406268493
"10",87.0719943407939,98.1499585941101,88.2327524137281,96.5235938197527,91.9765923886342,90.3668658680866,89.4398831934225,86.9183906199917,86.5068044570336,79.4868119745216,83.2842292049708,85.2993816911232,80.5401810806927,92.7088997360272,87.9283588592404,92.7798672916619,83.5935672581411,85.9762107210579,86.1649957156885
"11",84.0600133294615,90.5575154336018,85.9677687527399,95.6747054602884,86.3654145689539,89.9837257075112,83.9851494676104,87.207178551942,80.4930491151221,83.8551098850169,86.8754393446434,87.2985672671113,83.5730828862459,91.7822657659745,92.0001054640489,95.5151066308548,85.4082161105557,84.4092152654317,87.9865637075591
"12",88.0590528557639,95.1934358399932,85.5505918967013,96.9590831261733,88.745225016949,85.9544138909956,82.9006770921865,88.4423823330611,81.1589694411144,87.1904185059946,84.7973297670888,88.2734148733851,85.5802553506909,93.5122539965399,93.8075334853049,91.7115571271408,81.2109146221698,86.2876252455651,92.7513251630436
"13",86.0392480796524,87.5253216771531,80.3203136999754,94.7614154594939,89.7647147949409,79.6985561623062,86.5606357690655,90.022318885906,85.3899064425528,89.4622797333669,85.6225528700752,90.2163691522288,85.3211410601804,87.0577309656848,91.6822550660815,85.1109742468962,85.5393070454682,86.3633591231489,90.3617421936611
"14",89.9356784395217,91.842738910487,78.2896477055386,98.151297477185,92.5757777637308,84.4057995506952,90.6039521056709,92.9354385773259,86.1080739501962,92.6130537590468,87.30689917369,87.6722709654603,86.3157201547908,92.2912136798319,96.7393799589422,87.3583764440393,79.7722112368576,89.6803849182473,92.6128357272976
"15",90.9030332127703,89.7872104167435,81.9610492028272,96.4292407445619,87.7160006728261,89.3259915152814,88.8195166051496,95.0488119532088,87.7911339767049,91.7494807429124,85.5629940609152,87.8650394165608,88.1268184278706,91.2653999015637,93.2130610224137,87.9896812995395,81.9376134117526,88.4641060897813,88.9712068821764
"16",90.9446959695151,90.5064755926215,80.4350006797249,94.7821778919991,84.9255935359172,92.2471391824659,88.7134796713847,90.3684284473332,88.4875740974568,94.6033768252905,85.2018927895648,92.4380043868798,91.549747213608,95.4264716514229,85.5250984327971,92.6119124969821,87.1020229505811,88.7679271443613,90.0902317302637
"17",88.9264554969455,86.3608542101561,83.3823558866404,91.5396327263378,82.6531110424027,92.0309994989995,87.6712793151793,86.0757416216834,86.8759692106369,94.236889652234,87.8890391518635,92.7015739246853,92.6985547763546,92.8964308697694,86.6052698852606,93.9671872774516,88.6033879224576,87.2617344618866,91.9681066509594
"18",88.9014529686624,88.5344388763049,82.2350027183384,92.282090151618,87.3463930678821,93.9562845199699,88.7449890713386,85.4196020599081,89.6356396549035,94.6160241230283,89.5757910142115,90.4632750767967,91.375801953085,89.7160583221403,87.0495814542329,93.9362655909586,90.6278142233536,85.7758196132972,91.24518524092
"19",88.8743652736985,89.9679103616924,85.5649735608927,95.0705832852162,87.6564812479744,93.6417722428554,88.6086130172297,86.7348613008065,89.2575863429783,92.8581856671791,89.4408076838244,90.2118405900656,85.891809133431,86.5727285877449,91.5165208294885,96.9105654157153,90.7202822159557,86.2516299311515,95.4039809061779
"20",89.8448104062423,94.0035838671017,86.3484898350605,97.5688084807365,87.9508003875305,91.3264357779618,86.4773439256569,83.7886565527708,89.2876535594164,94.9843225882991,87.7232240123516,89.7761477499221,82.0700120408836,89.8120200819963,93.7262316918584,92.8461766462466,89.1327769244185,83.8982935770921,89.3315302386527
"21",88.8010245674041,90.9987757332958,88.0892934899262,97.4810943454361,85.3786409342027,88.9502994469244,86.5711695619683,85.7293633870339,88.2281302637941,93.2885047605458,86.5550019524852,92.5221089265514,81.8248470166128,91.2814231631052,93.1162123367411,88.748439278799,90.7510711783616,82.1398370217742,97.1998135570437
"22",83.8370464398027,85.7890432628623,84.8044649987578,90.9115669998236,82.8859165129646,92.1117529218207,86.1188300372863,85.2792771721261,86.9069863865126,91.0927160603844,84.3819580567863,90.8790388961352,81.3087478843032,89.237216126106,89.3475214922448,87.6808519210651,87.8240461294184,81.645805276135,94.5073145840831
"23",87.0290424981489,90.9528892986285,91.1395214373407,95.7170219313162,84.2000928730968,90.4643682637548,85.0632016428476,85.6915257985208,88.2157231692268,89.5265613901366,79.0639342315413,91.2684237394274,81.6382930105912,91.8877357152064,91.1620796275355,90.3476572440362,84.2163301336317,81.2060045327027,92.7493133258164
"24",88.0459312291299,92.0601730329159,93.1382225650866,90.7763284621465,88.0556783206363,87.7303141563982,81.0110703759342,89.6504101851802,88.9569904384321,86.0631887988637,80.5416667187619,89.0269523473335,85.9699340534209,95.3885822757596,90.7031440048328,93.5348436665439,82.6840606733705,84.705131730714,88.1321472345945
"25",89.0353949421236,92.4674579955999,92.904076034566,84.8939561359632,84.6571229416385,86.6429965405258,80.6324249701405,92.3710809445478,87.2831666772455,85.124775605432,83.4268757343654,86.6282439596435,86.173672106694,93.7942493228263,91.3129785415597,94.8921984742532,83.9655156717328,85.6807726048945,89.440635510451
"26",89.1978821173937,88.6385923140578,93.1876181271981,80.3771845383938,87.3526144782949,90.2015648525615,87.4315490592355,94.5452637145808,93.4883105732174,89.1936734123169,88.048278010298,89.5599295949555,88.9466533882748,94.7926755429735,90.5489097869387,97.9137176940589,87.4825597202399,86.1568586474356,88.9119335207087
"27",91.2037464768555,90.3532670190658,92.9519236904036,81.3136869467838,88.7618234024317,88.747692222062,89.2490647552035,91.6504214710045,95.540867043774,92.3759216712288,87.9539552719983,89.1954507495244,92.8197498145493,95.6893940868927,92.8143342684929,97.6118386953066,86.1261767746263,86.8555219552652,89.5833288856451
"28",91.21348295286,84.1081066082,96.5208902685714,87.9682224411759,91.3332347888818,88.8195912565087,88.1796468637354,87.9023762219914,96.4337114284058,96.4259285669874,90.9019379987999,90.5397880351035,92.2929143311979,95.1697857229488,94.1159984237585,96.641212235651,83.2533964512774,91.2249320382093,90.9253751649468
"29",89.14205769349,84.6726804899586,92.4483540424279,88.8292851656756,85.2788821091787,90.9791064605386,89.0380544350688,88.5366941346553,91.8502004070204,94.838752884083,87.8006859122459,90.301704001315,88.3987977704713,90.0299312108777,91.5353752572965,98.0669300345266,85.1584437733593,90.2722718150527,90.9698792646502
"30",88.0105396723662,86.337181944825,91.5708218273774,88.7185784821748,86.9575421451378,89.9916528530804,87.008562689694,85.7819549366298,85.5959129284715,91.7793638938824,87.2587197649367,92.4894265620621,86.5421003650718,92.4283006253132,92.0910405915384,95.721080019499,86.6484029444791,86.6597108601822,95.149597247764
"31",71.8470376829594,72.359775189707,79.5961241751532,75.8959304653066,78.6886771089869,80.4492733063273,79.3620891986316,84.1823477040643,78.1066968170919,91.2783427784977,90.8760256577037,90.4711380993461,83.2926250062682,94.9886564529168,94.931934279788,95.7257419353405,86.9109189255797,81.1774485426842,91.6495911672839
"32",79.8636619949823,89.6337780358642,97.2327738280892,83.2560407261976,83.3797501910755,84.2566022937819,82.4237573714409,83.9570251954866,78.409132558581,88.6617399372136,86.8775247470806,86.752369641682,83.1905263267825,94.619941496836,95.4995782358981,89.7438862314204,83.8439659337302,86.9214638172417,93.8801309487431
"33",83.936619042978,91.7412663840686,99.7111691126558,86.723819759778,83.6999325763378,89.4962195873269,81.8682739754794,86.7971981376071,78.5352531936988,91.0244603729649,88.0554717464612,85.9638837450841,85.3710297379392,92.0706229595747,87.411060371794,89.6892218078435,84.2018422851889,82.0558734713486,91.3600621132391
"34",88.0525466988304,89.8872619422384,101.180397551079,86.7249166767165,88.1247654682349,93.9521907924745,85.5408204344031,90.4449836614507,84.1648191628191,93.7436826605663,90.5846856354145,89.6516474993359,82.9724890993621,88.1244755795459,96.5181140327639,97.544982765681,86.6090346946321,82.0546651580514,92.5346343296149
"35",88.950259145037,87.1991148655459,95.178360524451,88.3757221011084,89.4618690851551,96.4829731569993,88.0772761952269,93.4446514809564,88.4417814748736,97.5428062425519,93.8423198231981,91.5358199247624,87.9255246075952,90.4898917480403,96.9074067664858,92.6742733668802,84.5176399658422,83.6351239857767,91.2359705887659
"36",87.8511741673613,85.3843677616438,91.5071671245679,89.4444806147305,89.0234013358672,95.4815425471703,87.0886731257107,95.6682893389952,92.9688681768442,99.2558540572142,96.402792432236,91.0784703981511,90.6095561972662,92.8627981909551,88.3227606400375,92.0524335191961,91.5140229281993,89.2243438381684,95.0800985056909
"37",83.7968548302313,84.0770892987496,86.985797802631,87.5412683203787,85.9830305842697,91.1636078189487,84.2054498284653,91.304933983802,88.6247855215264,96.3752068801592,94.3361054621484,90.7135631396129,91.0200501761927,91.7598596042024,92.0878065695256,88.4987271876056,86.9841936655694,87.6670427767775,94.5161721129639
"38",83.7407917719871,86.9293520549711,89.8768897460799,88.270818770152,83.2979499311271,94.20796955242,79.9313748466468,85.1087274191394,85.9351573311255,89.8937271582746,97.7115695174303,93.1232518879605,88.8343873286398,92.4558517673965,92.0096521513004,86.377360041164,87.0337420705248,89.2927368575182,89.7206160841464
"39",79.8736467020052,83.9430479557797,87.3765050363622,86.1186884253062,81.7593624968238,87.1390636732306,81.368778128702,81.2134931443944,81.9488986487733,95.3470901108091,97.5994699521591,91.341745811633,89.7958329950313,91.1873175509448,92.937219914683,85.2190486385477,88.6235951809181,94.1020149872147,87.9077075463689
"40",72.884189369731,77.6764559489044,83.3234121126574,82.1824691767464,80.5447427036619,81.9739368370019,78.9596471200445,78.5952471882549,79.8058906105678,94.4306124580968,97.6953135751659,87.3467221976608,91.0631287571652,92.1508670724625,93.4410337346588,88.5325649296969,82.9098450641543,91.7617754555848,90.8784748862393
"41",79.8729444952647,87.9529998852178,95.0881168459622,95.0356086821405,85.8006474633491,84.8218564347533,83.4627982027312,81.3520827942522,79.8804215041137,90.7523357740139,97.6847383241478,83.1200911544413,90.2079710530924,91.3989932564329,90.2323942156814,87.9985904411782,86.3541051445025,89.2048116062372,91.1867037721722
"42",85.8382770253004,93.8059080071149,97.6173812953752,101.693643323152,90.6196963021689,88.7494794419279,86.963772788447,77.3884137236976,84.1941392491464,96.6203240494207,100.529847910912,82.9049894683092,91.1322543301213,92.4094931510154,92.5664215311039,86.1720814236257,87.3249693563072,85.7817953651461,91.4416420220037
"43",87.8504805686225,92.2398116588523,98.1299914343528,95.6631290436627,90.6556225354254,91.8098475465796,87.706918419316,81.8423758800845,86.1809413801717,91.3683619079527,100.465397810262,84.3262662717986,89.741827939868,88.6214639812897,88.8650990567973,82.1322794406022,87.0052431041961,82.2769649727102,91.1216750273411
"44",87.8824078963142,87.1057023031747,99.7042392502478,92.5923835478191,89.4071985846787,92.060854724044,84.2186285842274,83.2951018281486,89.0159066130812,87.5095423847876,94.8983486168868,85.9802869034161,90.9893973828778,96.9554870827401,95.4582196620694,87.0416382480211,89.7395754623333,85.8943080013223,88.8523133818109
"45",87.0486290940214,85.5009904035708,95.8769742265222,89.3176116096775,83.886131295575,93.7058499877996,87.3377887090203,80.4951769211943,90.1951207729772,87.0100970412837,103.860488557738,86.000988219933,94.4746535733681,99.9245380858936,96.4442507336209,90.2662641518466,88.7564027714216,83.1699049427486,88.1241198555546
"46",88.1738826231084,83.182776428876,99.5555254307386,89.5587747361006,87.1650936313923,90.8326076609181,88.7592442555407,81.7031389836476,90.1045559160875,87.4547903339547,101.035767095495,85.955388564352,93.710144647616,95.3921700520013,98.4046844359014,90.403308988429,86.0099246659929,83.2689918163697,88.5973296586119
"47",91.2745296565485,85.4397233904574,99.4194309035836,96.0830028194126,88.0025732008075,93.1688684998054,93.5619019461869,83.7950726971337,93.3751585227775,87.2688807981682,103.253029256064,87.394760105033,91.7208459144905,92.3502017223705,92.9261327564779,89.4952572203437,81.5242591939063,88.7672801680885,91.7920259482516
"48",91.2487870669391,85.9242049388535,95.0361268287455,97.8030519741728,90.3491277927452,92.0669421485977,90.1777553868006,86.4350016158663,93.252758991219,91.0802184848924,103.322855733044,87.7607379854928,90.3898066472901,91.9410418676628,92.470210520954,92.2820366026668,72.8988390909518,90.6206568843223,92.8928859649422
"49",89.1111621565499,82.9205790759189,94.9765486603477,98.3038057468101,90.815852161658,91.3781459981705,89.9758314663974,86.9177477940329,91.9379446875578,88.8865935148021,104.025193234769,86.9723750323592,89.6339973227557,93.1320064790059,94.1435675583124,90.9976952038426,70.3835835527156,95.6400688126777,95.4568900621843
"50",88.9903621893215,85.4038437604703,96.8949044609864,99.6045075349566,90.3545017519364,91.0150994484883,88.3340310164859,85.0930788155233,90.4698597833043,88.1650142452836,99.6775772255439,86.7616913543454,89.9278856456672,94.8002714995178,95.2422853749505,89.8354847327868,75.1801153452697,92.3936308155097,91.7066899245075
"51",87.9790638994843,87.2246332096838,93.3899723186674,94.9421191871445,83.5714717763808,87.3633706893824,86.9114431657231,84.7837265358964,86.6514278414023,86.570461158398,96.6276233320707,89.3863668872099,90.0498215379972,92.687499054033,95.9856019824163,85.7722737829701,79.7301583870937,88.2282537400915,91.3671926511286
"52",82.0649572723119,76.6148023693401,88.0555034854337,95.0338904493743,82.0705439928654,88.3813018147383,84.4193152739146,84.939525484132,86.7131651582508,87.6487493492285,92.5298408434419,87.6468370017257,86.0063576116683,90.8475085472917,92.4784816549838,84.0297961201463,82.8825965501476,88.5509793763788,89.6955186279349
"53",79.1718134916162,78.3111855816429,86.9467890516885,87.3954434601499,84.4610069571162,89.7698826489656,84.5817422368288,81.141468008472,90.3369550036212,87.9239563994268,93.8634472246336,84.2579061519818,85.5108322771838,89.8033833194357,91.4372621179776,85.5775874872986,81.5870193557069,89.6714544912462,88.2500146768458
"54",81.11569787594,85.8373133983417,90.0546387100663,86.2936041888196,88.2837942315711,89.6968644908693,86.6772011210854,82.8585129048691,91.5272516815812,86.0705284810498,98.1401232024486,79.5201196864328,81.8910074235766,88.7067331982957,91.7031533910344,80.1557825603753,82.9408080834975,89.0500285931551,88.0487582766312
"55",82.1340297170611,87.7121387256773,91.0317252097942,85.8879392142945,87.5292405339555,93.5863117488026,88.1374239977596,82.5279905288331,88.3631237055863,86.4937545091226,96.808417105105,77.3001237452199,81.5405883505337,92.8092845350989,91.8340043340878,85.1007526080192,85.9224124777357,88.1140045471596,83.4032513122508
"56",84.0362891692261,90.0379745041529,86.2389163529236,93.3697553244483,93.0300313397817,93.5542826583137,88.5755773821646,84.8973492830522,84.3396677483809,83.0484559652345,95.5240849133622,80.7082571950839,82.3425473219088,89.0166719943707,91.0435824531305,84.7871136343928,83.7410454848931,87.0360250376735,85.2272886131252
"57",87.0487766867208,93.2636473043107,86.2064159206922,97.0576528442486,94.3857028527317,95.1615323328636,90.2765460096817,84.9118997378834,86.8207597591922,86.4065513041647,96.9085876232244,80.3610877546126,87.8552695943953,91.1851391455489,95.5034747820985,86.640383560016,84.9777191507193,87.2714911975771,86.9445175416667
"58",90.1794269034931,95.1794531811204,90.257842757441,94.033571966091,94.2595985211074,92.7069519638335,91.0058788744227,87.087351273827,86.5412956074896,89.3902957649481,95.3554225371883,82.7529579145583,88.75945315614,88.2986549562758,95.7495819737704,86.1792139143004,80.8667973264955,85.8560460921043,86.4460318311294
"59",90.3009081326893,91.5878612802313,90.0303196069163,93.2435237495784,94.5727570500592,87.216360112421,90.9801711064003,88.4359505036916,87.1127597436491,89.3389811032673,92.1049114548707,82.8181861410414,88.392161473663,90.0706319801916,95.8553751366712,89.0349304703505,81.8219496715126,85.4764064162161,84.5530004765482
"60",91.279781909219,91.7868034752574,91.7725999044735,94.125785147813,87.5844507029413,87.9307365436321,95.0722814393631,92.0883370899939,87.627707595897,90.6497357870047,90.2043324458653,85.9560272847705,81.2227736335995,93.7430457613441,99.6949583225857,86.170756523073,91.7159232522838,92.0780899369653,85.4725798633468
"61",91.2525037698321,92.6859174181486,91.2605920589366,92.8910427670199,86.097099784106,83.0162397608932,90.1117236938401,88.5691175891697,86.5654710952615,91.0685357546276,89.7544523926153,88.2074605368457,84.0677838882221,85.4660910191657,95.217877998438,85.9877234432754,90.4322870700261,89.7661542971063,80.3612423726775
"62",84.2660883164118,86.7492708443325,85.8827079846512,84.387635793671,79.3036255958911,77.9578221818332,87.5560884186328,87.7122791136442,85.0800184258288,88.9633231396585,87.6865116076656,86.8983691344406,79.3721716243584,84.5550897046629,92.4251768756843,83.5999204266118,92.3107595319874,92.9512615367048,79.7269458314833
"63",80.5243153543477,83.9087939790639,79.3606850229635,82.6773383487538,76.5937909342701,73.3478485080711,86.4390578232826,85.323195272182,82.5707267064147,81.5477246734989,87.3987328513548,87.9510795852578,77.8781559569444,84.2803524232067,89.2519903631619,85.3616910222656,89.2838781935644,89.5537297342507,82.3208973846669
"64",77.7269511438794,79.4406945700282,78.7087552493911,75.3761912151973,75.6021744499545,75.9399256107538,82.4921574815055,78.9942469668273,80.6332621216346,81.2276303963375,83.0853522103757,82.1702328086985,74.1416123779512,91.1305318734765,94.9708447967841,89.9481496303277,89.4490995544913,88.2046378618867,83.9264785763725
"65",102.402575273199,92.9968535756162,92.4918104454311,80.3599358602158,75.8689174641181,81.0514265724042,84.6854165384165,79.4032610829436,85.0695824277067,82.9494473711812,81.2822027063876,83.5264670035447,75.5235758821334,89.7642795223831,94.7714457155215,88.4306624654156,84.6711598208455,90.1623066389312,88.5001993219051
"66",93.2787208455676,79.4863768039922,89.2048652736429,85.666820348544,77.9408991080677,91.8748525595645,90.9250351438007,83.6094480819743,88.9728527650019,85.6130849650138,86.8924040211676,84.0665827929777,78.7566459209038,92.5673577059686,93.9102613111337,82.4227874619442,83.4608797821831,86.6916105518153,82.9796905542042
"67",88.8315689713015,90.037749983279,93.6806398866447,88.193259945082,79.6588573247912,95.2135446850903,88.7735959044437,82.6653429663424,87.2296131875369,87.2460722291334,88.1262005347276,82.7865334676309,80.417248162481,85.9065764827634,85.5824469809274,80.5020208885733,90.7483030485545,86.0281762606601,92.6223011597115
"68",86.0215081645643,93.6971955658317,97.0323550740762,84.8333941862266,83.8978356689877,90.1636173526152,83.0393504157196,79.4678992828062,79.4353317903756,82.2446520674767,87.6890696167879,84.3097139449419,79.9078613642791,83.6868662326997,80.7345778598574,83.4272909829659,89.1790623908698,87.4865271701107,88.8894019457366
"69",83.6948923034046,92.4302244777765,98.6440251165844,73.8339648566267,89.9086708024952,92.7474591098635,77.588352944921,82.8724205763799,83.1708033598922,86.4409321498738,86.5345018503202,86.9246849234187,83.8303745454609,87.308595880195,76.481841035874,83.065645773742,88.5699888563633,89.8959820363615,86.0447485103965
"70",85.1459026650802,91.0812608379318,94.1641627163866,69.8792516344451,92.773797757063,93.6966067256437,78.8981852800713,89.1644811603301,82.9275382800433,82.8069819364936,88.0453395544259,90.1917659018033,85.3654669862496,91.431648936016,72.9938267561869,91.9595356093912,88.8515838360536,91.1859400327239,85.0284782243495
"71",88.9323290149635,90.1571246713219,90.4031874211419,69.6261209152886,85.6478487717577,88.085485867285,80.6718004874922,79.531389165545,89.3591262358189,86.8358140553817,91.2373326056296,92.8872379574175,88.0836147704178,92.9052810901273,72.9854486867503,91.455541331078,91.059874046947,86.963951840348,85.462687479475
"72",79.3376331735543,78.0156587264259,79.1931565265083,77.373375500751,85.9919855741115,90.5850705988184,82.3867208212872,82.1610046098809,86.5794126606981,83.9312781058882,90.3881305158816,90.588950513493,86.4997882694529,92.7300607666648,78.6245924894497,86.3693060719097,91.8993876414555,86.17009612187,88.0646853823001
"73",81.6916550281285,79.8335863169464,86.2296420864332,80.9170878252002,88.2278226070052,92.7599102562204,79.4450517436447,83.2656493557182,84.727878852065,84.7146417152582,89.2682979657751,88.352590708411,82.0822234986625,92.7883680336674,81.645807848188,84.3700461438601,89.7600380579927,86.1574898501466,87.1005740840197
"74",83.810126034836,82.8310440693649,89.1484528958617,84.5489389354563,88.9265078597721,94.8226600374573,79.076162374976,83.2703455608043,83.184057126288,83.9159138025082,88.4475327882173,83.9851079105158,78.3570605589625,98.0914815772992,84.8616027398342,83.5882067226595,89.0699410763515,88.6535854459993,86.4350173332861
"75",75.5318376897292,75.8708332152492,82.1505459460014,81.108953266491,82.444075520196,89.5997245125486,76.133862331347,78.8617098135973,82.3049885051285,80.7529712736774,82.657931495151,82.5821857243041,77.0322346880817,89.1735746732974,84.1891058573597,80.6173594468751,88.8157770199901,89.2860763038414,78.7186150071849
"76",83.6687239909599,83.2992309031079,81.9236290535583,82.3745657351048,80.6294875626975,78.6855190068377,82.0249992962434,78.357877322102,85.2829572009074,73.1459917470276,87.202598827563,85.9220534939194,79.7327027160539,88.0103152007069,89.2420364083144,82.3647179772056,89.3946159011307,87.6962307480056,75.4827558689509
"77",93.2306413960964,91.1819865591647,88.8996042522059,87.3561098462462,84.2702742719517,76.0348476445787,82.786653604512,79.3433488710763,85.899535387071,76.8415784163536,82.4121719995124,87.4649165430073,79.2027001971997,87.1548343497231,88.3907369585001,79.459208262497,82.8778637706588,81.5668679474822,77.9026316851442
"78",85.8268517761243,85.9912627090286,87.6279385090226,80.2017309547481,77.619085627575,84.3971456791262,79.2628503061636,73.1355968932999,88.3445882941477,78.3768523080874,80.3505832001202,79.5794560364864,78.2922737341853,89.541715799029,86.0479459421022,80.5252884481177,79.6130912756191,78.3518930116529,78.8045362936752
"79",87.2232269174557,87.4021417101502,83.2321912485857,77.5674589169935,77.9129256194768,88.2341524532448,80.6794566966037,74.3267646201658,89.0726077244062,81.5419649206347,77.7281864615124,80.9107802876211,78.7712455141573,84.9711130589206,75.5443664823951,85.9434229536446,85.6440851497177,80.0097682700458,75.7065466514848
"80",84.6427393863463,83.082790087098,77.8938209634896,72.3224370643556,78.3764116886739,85.1928026976356,78.9018665662087,76.2723444246778,84.7782126315327,82.6163634676443,76.7061146540096,72.857971089277,79.0198437064339,97.5744950635751,80.4320954475828,85.5126461404916,82.1013675942864,84.7948299202225,80.0761089439037
"81",87.8795674649554,83.4611732840099,80.9301141131467,72.0480519148668,81.5924382786875,83.7764168617668,81.3969859228241,79.2075081915021,87.2266456020716,84.4293078149036,76.8671467732985,77.7898117468709,77.6792851445239,91.2562022593697,76.3334643669158,80.3291456415008,79.9176143283272,87.1261310890612,83.3058411796477
"82",89.8781451508865,81.7514316980013,80.93399313693,77.9626713246719,79.665051087726,80.0848460893107,83.6433003959358,79.2045711865025,88.4958759255332,80.4483626015452,78.8589631443822,77.9886538882968,73.31399833604,91.9638898047693,77.5155199732436,82.3666159135155,83.1951785647503,85.6988616424089,86.1595578136587
"83",91.8688157190866,79.4136065290182,71.1919043626415,86.4899193839035,81.2749340270295,82.7089117133827,83.6956919075455,72.6966806118719,88.3331876394009,74.9732651781238,80.9177376028119,78.2769339552637,76.7944913861378,91.5840656847779,77.7386017957388,78.47371568718,85.1374501887076,80.9031020347215,86.50362684317
"84",93.6710845197703,79.4151656247679,75.5904262665929,77.7050055784527,82.0678024113641,81.4378256831844,79.3873850753083,70.6303098373208,86.7979065724362,72.4127384066938,78.3772050645232,77.6146039307935,81.5971551420983,97.8306511221352,84.699262057487,81.6121614489257,76.5971739983139,87.5702741371894,81.0347071841266
"85",82.0745023210196,93.2951174140786,77.3592928393839,79.16669111731,91.7112335832582,83.0585344837808,81.6819263613092,82.2175692743983,90.9479255628204,81.9016970707152,85.5524414274693,81.8539875403611,82.0647994320212,92.7537611411367,81.2525711921993,85.7694370769384,78.6748085396707,82.3767964144164,76.2714984585912
"86",80.8383278636366,88.3652681687723,76.8934705063737,82.1219130787796,91.4587970015124,79.8217527331551,77.4209704277592,80.0656577903861,85.1117907466043,82.5216269018184,81.5618040470992,81.5601155537777,81.4418182923775,90.9414292578488,81.4278339450558,81.6853995750073,79.789236309372,75.5458609616785,77.2723469296341
"87",84.4238817253178,81.911745476272,77.2472228577141,83.5017829700378,77.1872070784238,77.3842751706292,80.3928579750991,82.4564512936845,87.3992380638592,82.8432671927159,83.398262329578,76.1401099359427,82.2543381521906,87.9079348532267,82.1845859249269,80.8371570900091,76.6932662862161,79.1226066079799,76.3186389928539
"88",70.5371372290055,83.4212904861415,81.0676987562593,83.5177027664915,68.2131988090619,73.3418459094687,85.1170720602251,84.2763878306042,87.8935453824923,78.0034606718506,87.4554104214525,80.0495211117105,84.1793510342115,89.1115945836275,80.1237356133974,76.2290056207786,67.5724160234875,78.8442727824032,70.9622907612288
"89",65.9694329343099,78.3411534604962,77.9013418282346,70.4337130272617,70.404932583597,74.3576691999104,82.9553045570888,81.2385721216792,80.4032066456808,80.6213906719177,87.8172582165839,82.4878705106299,86.0269584405263,80.8913747915774,86.5632793148808,83.235230065649,73.900921530368,74.6139685186083,71.4321697556411
"90",61.4068664657564,81.5522084148381,74.0604479074569,68.3086950030814,71.9318732409449,73.6940104563049,82.2361158153466,73.6910192850482,84.9495492748162,79.5591895219321,86.713755174486,79.9067906309415,85.6852606385161,85.014837990726,87.0787421556113,87.0042805744701,76.698159322239,75.3671292117392,69.0167671118369
"91",62.8496692744376,78.9367570579528,75.5917542680959,69.5959667361844,72.0317898681407,71.8205204244164,70.6603728546631,71.2566954079941,79.8676033192319,76.5844262809639,79.6804661895194,78.4169486395054,79.075027799505,73.7817048172688,79.226875409158,86.1715562871846,76.4651693426351,73.9632886920724,71.7992686474939
"92",63.6212597838444,69.2968265548374,71.1669322707706,66.4365831992231,67.1626556330856,69.2519207998982,66.2614916282888,75.8711034099504,82.900592370801,71.3261880004988,81.5532294110385,83.3187757213971,74.0086358620684,77.8114230366187,81.4549732052785,82.3186243175943,72.1855167662777,69.3750470219243,75.6274346283406
"93",79.9212763316234,69.8960274565131,69.9782908402599,71.2715483956953,68.4931147606931,74.668780904387,68.1215407946614,76.9982126546188,81.0293291066311,72.9444212903695,80.5663748586664,86.0409834152276,72.0294524652766,75.4954880762958,79.2283761500514,73.3095747260636,75.0174297104442,78.6268194740113,80.0306645702612
"94",83.9343357505725,85.6567451144188,72.4712176890753,75.3303375468408,72.5689611522553,79.3666553505884,70.1437130582985,78.22668277535,80.081492061528,77.6222009852799,77.3172663684641,76.8426823848987,74.608112015507,77.0108526578016,69.4218311765643,76.1677861793185,79.8943070769911,82.6916654122363,73.11394529752
"95",90.1305282065696,93.5550410872908,83.6357397087388,87.1097876113543,84.6448717237541,87.5865471623909,71.8128886981272,83.0767844377927,84.1946034407399,79.5031402258083,79.8054843497553,73.2543512900017,74.9617745258484,77.8756218837881,66.5930190455771,73.6010807303643,82.2640415299183,84.7019667177059,67.6105609376221
"96",67.3272292795017,74.52376548147,79.8102440613948,77.8385238583653,78.0337940467052,82.0456612573434,66.1524670616741,82.6737390761986,85.3063052210433,83.0200587803558,79.6678553280877,79.6523678828252,77.050726254846,72.3406513775601,73.2509878589088,74.910725339099,84.7637980425239,83.2983618799114,66.3341404155395
"97",69.6828674334736,74.6647931585679,70.1738590447681,77.8356357196202,77.5063500124499,80.1226483467278,72.3773701563512,79.8982314924232,83.6829221286853,81.7063439797585,78.6870532980747,80.9194762705641,74.2013673421071,66.091448679499,76.2206887453571,78.0147333054475,82.8711148302835,70.4742348692723,71.0158267739552
"98",74.3575323479249,76.011277973702,67.1286321908483,75.3072614009542,72.1838641644601,76.8237813925006,69.4941432176918,73.2958619824837,75.5394388714454,77.4134786437745,72.456730968863,75.799994846912,62.1849607583116,68.2654837855043,80.2788000558318,79.0950065359192,82.1140459163557,69.7020895084327,72.6732271542085
"99",74.1461073196498,69.5916587407105,68.030359800345,72.5305583800295,68.5898883333315,80.2245951342781,69.2265545846001,70.2812925806299,69.9602161862411,74.1938996977542,75.7335158858011,76.4819448213143,64.8286714007494,69.1282177556114,79.8509343329284,80.282279661367,78.3082798405504,69.1661240475817,69.8805504442052
"100",102.740466335061,93.5919045895453,77.797597094327,72.8868613474159,69.5458992098914,83.9547277939638,72.3409146476865,73.3189303913175,70.3214443544786,72.0604651353333,79.8340928434473,78.6522326189594,70.0277580392844,71.8614440276159,74.1961184846739,68.8951019994778,72.9064127177585,74.9628686100367,74.1511009560859
"101",80.7867219895106,73.9043096706201,75.0828563662647,62.3732703140445,78.7196661080179,74.3867719091583,71.9855812316033,72.4331622418831,71.0536364894051,70.3284322244693,81.8076385515623,73.8234476860205,77.1154225765628,78.5101199466153,76.1299428700515,63.484910963199,73.2069659627401,83.5947799458112,78.9865382204394
"102",82.7358551704817,74.9502872418481,75.4135915174328,59.5417128718699,76.1432072554027,76.5927864670767,80.8612659635373,77.7104077650116,75.3095075890727,81.5692831058821,85.231669513036,77.4578375003617,84.7752721388299,81.1891173692744,72.0951021533084,66.0824277409911,73.3876352098344,84.1699031588558,79.2584732422349
"103",78.9249316154816,71.4453067878904,72.7340545873722,62.4539487882138,75.2599954208617,74.1750364139164,80.1043981959319,75.9530566992031,80.5909892994824,84.9954337499043,86.3623252179363,77.0601704567894,78.328533557715,86.5617722306011,70.6193148215009,71.0119721459954,77.4836319988204,84.1566082638183,73.1910413186357
"104",80.8322334174724,74.5246426308838,71.3573138816238,65.9587211042314,72.7648957361523,75.2839259910278,71.1233196394861,81.1304213395562,84.086179397034,81.9497047204908,73.1273242275022,80.4293468354322,79.3509316720467,85.0664105639549,65.490952752422,74.5790382604081,79.6540292386268,86.5889376364905,73.558445080702
"105",84.3092466266025,80.5768635859618,72.9128137997228,70.9285323443503,75.9650532078664,79.908622078905,72.8190683541122,73.2172541024546,74.4222209420221,74.4280541384034,71.04216645614,77.7308878921957,71.1217794425137,85.7865175396777,73.2568255157476,79.1471605640474,80.4891717305548,85.6525012056356,75.2698863031439
"106",88.335604555468,81.5125209795998,68.8206691394556,78.4901068967295,80.7887614589184,81.2510196776659,75.0238340890437,66.2662569836932,75.9561144740863,66.6344889844985,76.233755862992,80.5572099500412,75.3808123369385,82.8581295565509,73.354055442047,76.8363535410364,82.6569773539085,84.9065182789491,76.5126818945274
"107",77.7401808292089,80.4155517634303,76.4213310820363,78.1490502128976,79.5763245898342,75.5718007214907,77.5600803358587,62.7092356467081,75.9885765140635,67.181696425329,76.3879295890581,79.2139088432965,69.1678906928283,76.4292558092883,77.6689728890571,78.7356595770207,80.6093208554046,78.4868989811853,77.024748146579
"108",67.8330807239642,79.2243658715888,74.0520239917436,78.5657474485457,78.4187843885966,62.9966803077727,76.369582158326,66.6262371100609,84.5978388094803,72.5855073517658,77.1858287937394,79.4982403821366,63.7699755526006,78.3274010918166,79.2026030540104,78.2392304482226,72.8638463553829,75.6700386316169,83.7079958863767
"109",62.6932392966678,84.4588342819156,80.3057051430617,83.3450533056864,70.7774258903465,68.2586508448136,75.7553408462844,70.5040870702353,80.639470142885,65.8062283978229,83.3084314792979,88.96297361232,63.3246826227992,75.4981065220498,82.1675513884908,75.2555388712122,74.0216616931981,71.9710642769328,82.4719882287464
"110",52.097395778484,66.2945685232075,70.1252774585857,71.3933103232334,58.1848460764793,62.9606885032768,70.1503164536476,74.0869006458055,76.7907626247639,70.5213261608564,84.5270852137896,77.258735262096,57.616879913315,84.0267548352262,87.588748290926,76.3282505444222,73.5365798811153,78.0488396701651,73.8498619651104
"111",56.7284940848583,70.0333577120671,67.2718360057469,72.5209611789283,57.1311336800873,62.5913600490511,67.0398598411025,71.9330109921647,77.0841487243713,72.6581357231786,77.2324295449699,69.7386021796722,55.9370431710019,82.489650905809,86.4258257656649,75.2103156455555,73.5316412214972,74.6826115260013,67.1834995493575
"112",69.3842351732068,80.4505693375093,65.9256897207778,71.0322294434735,64.3326308290179,65.5752310926931,69.3514697083797,67.0882895847004,79.7886542029228,73.3257882793448,73.3874759908769,64.6412282260162,58.2466613736009,82.182031968863,73.5312168673972,73.4976216640473,66.6655213214987,76.5150433302555,67.4129893764887
"113",81.0561560461063,86.5953727728874,68.4043251926413,79.826553560621,76.8524257946866,74.1198895534666,76.4717614168743,70.8323429630139,82.880815317376,70.5064932989785,74.8415310515486,66.1538151235357,65.7718563895852,79.6112911931668,66.082014477201,76.5131277303276,73.4984096468324,78.375410032974,73.848565030185
"114",76.1961846527098,79.1985580831606,65.6267091048361,79.6137639453887,81.9320732869825,74.8544744381011,82.0001687807827,70.7980858855265,79.5800517234929,66.2370058207006,74.2842521231405,66.4528965571789,64.8952396766962,75.9485439030974,61.3300081470563,75.1400615081444,72.4267686075293,76.9074451561415,73.3442220893476
"115",57.5382958088649,62.9723407408902,67.1440172401516,71.5652709266872,73.766947608984,63.8290782644005,75.7676858432555,69.8950030446418,69.1704963235222,68.7134437908448,68.1474378669183,65.7172532683548,67.5504298295224,72.9818041270918,62.0279734358451,73.7423881505539,66.980962644558,69.0180617196003,75.1341029560061
"116",64.4916697124218,64.9166844820463,64.1203644513267,78.9721562960339,82.1057046462224,62.1464901882242,81.6266901219379,71.8180541847314,71.7555260407017,57.3968657140246,77.9254018280351,58.9592737808567,64.910878259737,69.0754049630283,63.2770793066872,72.509150799175,61.6499699005429,69.5636109173445,77.622521461355
"117",63.0153724403998,72.4392675003442,62.8643822999737,80.6364102347623,84.8347304750351,67.860713780558,75.278346454462,72.8288203295443,62.9875790464861,58.6280312156805,68.1567668516978,59.7302575777112,75.1705225702082,81.4810023253573,70.4320027493971,76.7600822569147,63.9567361336303,68.8442964219711,73.7175941962608
"118",72.3149340380999,73.1125139944729,63.3439951218349,79.8510586403341,77.8798004077184,62.6311767002048,76.7029093252436,77.3852268554997,57.9211532704899,59.4353463340796,68.7230434806936,70.7290582039617,73.98296131329,84.15351452989,80.9410196707113,84.0498168333402,61.8351916415605,79.3664857757651,76.5516400619469
"119",71.5132757309568,73.2613945837101,63.7724635495922,74.4901448762352,68.7676039668019,63.8401880082656,69.0214404983708,76.5746449733303,58.8716298020196,60.248649047087,68.1037592325147,70.0150328705931,65.8306250298459,82.0896742028104,74.7107586817644,79.3583264234018,58.6783299672527,81.5494139746208,69.7100082822268
"120",67.553602082564,83.2919815087766,74.6186906446859,77.9271606015964,58.5624610191466,71.597111174244,69.9905356180598,81.7625125059357,61.9547043204065,63.4583989917794,65.7219077192508,62.6762287166253,60.9196527275212,80.71251063343,79.517051076512,73.6415255547964,62.8855677329511,78.0004121520982,57.0338432759362
"121",60.5471504457465,86.4020852209159,78.0244554506195,82.8829652606671,57.4125792256068,77.5459307465876,64.1556078266486,87.5927745342506,66.7249586706848,67.3970408551924,74.044365813942,56.428605989901,73.2401828977973,81.3998907856303,79.2448971134741,62.1266282393122,65.387935714137,81.5645461942553,72.1528030667684
"122",62.6522027919995,81.1531505708631,76.0722687221101,81.0246122303866,63.8606597164456,80.176747430558,69.4508928300779,82.1175924081043,68.4498796894197,74.6867309369002,69.5591652858364,62.4607025154646,79.9463820330991,75.0645934525369,70.4515879881126,63.737708500277,77.4303637667691,80.6842587457605,73.8987680065125
"123",63.8778062546656,78.6852477951213,72.5553072860023,76.3303514403533,67.9636648943369,70.6280727198736,72.021548965711,76.3728519959412,67.7376245286656,72.9032477902241,66.6203765417521,64.0862972637049,71.5081897608177,75.2668042549306,67.7984043410367,63.2647922233206,86.3048764445145,78.0754181758449,75.8366930858717
